"Entity","Total_Deaths"
"Japan",481.109797020551
"Finland",465.667121498116
"Iceland",462.177001691712
"New Zealand",445.910186020839
"Sweden",440.400590899545
